idna_subject,checker_type,destination,tested_at
analyticsresults.datev-magazin.de,AVAILABILITY,domains.list,2026-09-29 10:19:59.855570+00:00
metrics.nutraingredients-usa.com,AVAILABILITY,domains.list,2026-09-29 10:20:00.118816+00:00
smetrics.jcrew.com,AVAILABILITY,domains.list,2026-09-29 10:20:00.709847+00:00
analyticsresults.bildungsforum.datev.de,AVAILABILITY,domains.list,2026-09-29 10:20:01.950075+00:00
smetrics.misrp.com,AVAILABILITY,domains.list,2026-09-29 10:20:02.465675+00:00
smetrics.i22.nadro.mx,AVAILABILITY,domains.list,2026-09-29 10:20:02.934395+00:00
smetrics.nadro.mx,AVAILABILITY,domains.list,2026-09-29 10:20:03.541125+00:00
smetrics.facitlaan.dk,AVAILABILITY,domains.list,2026-09-29 10:20:04.338464+00:00
smetrics.vodafone.es,AVAILABILITY,domains.list,2026-09-29 10:20:06.440731+00:00
smetrics.shopmyexchange.com,AVAILABILITY,domains.list,2026-09-29 10:20:06.722917+00:00
analytics.chilevision.cl,AVAILABILITY,domains.list,2026-09-29 10:20:07.110588+00:00
sanalytics.chilevision.cl,AVAILABILITY,domains.list,2026-09-29 10:20:07.403999+00:00
smetrics.textbooks.com,AVAILABILITY,domains.list,2026-09-29 10:20:07.734638+00:00
analytics.chvnoticias.cl,AVAILABILITY,domains.list,2026-09-29 10:20:08.054435+00:00
analyticsresults.trialog-magazin.de,AVAILABILITY,domains.list,2026-09-29 10:20:09.733369+00:00
adbmetrics.saloncomicdonostia.com,AVAILABILITY,domains.list,2026-09-29 10:20:10.066778+00:00
smetrics.citibank.com.au,AVAILABILITY,domains.list,2026-09-29 10:20:11.744385+00:00
analyticsresults.datev-karriereblog.de,AVAILABILITY,domains.list,2026-09-29 10:20:13.288327+00:00
analytics.cartoonnetworkmena.com,AVAILABILITY,domains.list,2026-09-29 10:20:25.578862+00:00
sanalytics.cartoonnetwork.com.tw,AVAILABILITY,domains.list,2026-09-29 10:20:38.057947+00:00
smetrics.bankia.es,AVAILABILITY,domains.list,2026-09-29 10:20:38.727397+00:00
metrics.pulte.com,AVAILABILITY,domains.list,2026-09-29 10:20:38.997879+00:00
smetrics.ftd.com,AVAILABILITY,domains.list,2026-09-29 10:20:39.346263+00:00
analytics.cinemax.tv,AVAILABILITY,domains.list,2026-09-29 10:20:39.603951+00:00
analytics.eleague.com,AVAILABILITY,domains.list,2026-09-29 10:20:52.401329+00:00
analytics.tnt.com.br,AVAILABILITY,domains.list,2026-09-29 10:20:52.798513+00:00
analytics.cnfanart.com,AVAILABILITY,domains.list,2026-09-29 10:21:04.654872+00:00
analytics.concorsicartoonito.it,AVAILABILITY,domains.list,2026-09-29 10:21:16.172233+00:00
sanalytics.cnfanart.com,AVAILABILITY,domains.list,2026-09-29 10:21:27.122576+00:00
smetrics.thebay.com,AVAILABILITY,domains.list,2026-09-29 10:21:27.472929+00:00
adbmetrics.degustacastillayleon.es,AVAILABILITY,domains.list,2026-09-29 10:21:28.085837+00:00
analytics.sixt.jobs,AVAILABILITY,domains.list,2026-09-29 10:21:28.505970+00:00
sanalytics.boomerang-tv.hu,AVAILABILITY,domains.list,2026-09-29 10:21:35.393859+00:00
smetrics.nbi-sems.com,AVAILABILITY,domains.list,2026-09-29 10:21:35.851424+00:00
smetrics.citibank.co.id,AVAILABILITY,domains.list,2026-09-29 10:21:36.286942+00:00
smetrics.visitsingapore.com,AVAILABILITY,domains.list,2026-09-29 10:21:36.650178+00:00
smetrics.shellenergy.co.uk,AVAILABILITY,domains.list,2026-09-29 10:21:37.774487+00:00
sanalytics.toonamiafrica.com,AVAILABILITY,domains.list,2026-09-29 10:21:50.215968+00:00
sanalytics.sprint.com,AVAILABILITY,domains.list,2026-09-29 10:21:50.450392+00:00
analytics.pogo.tv,AVAILABILITY,domains.list,2026-09-29 10:22:01.385537+00:00
sanalytics.boomeranggo.co.kr,AVAILABILITY,domains.list,2026-09-29 10:22:14.284548+00:00
smetrics.cars.com,AVAILABILITY,domains.list,2026-09-29 10:22:14.530773+00:00
smetrics.ellentube.com,AVAILABILITY,domains.list,2026-09-29 10:22:14.957441+00:00
smetrics.childrensplace.com,AVAILABILITY,domains.list,2026-09-29 10:22:15.227088+00:00
smetrics.airbank.cz,AVAILABILITY,domains.list,2026-09-29 10:22:17.433952+00:00
analytics.cibcholidaysforheroes.com,AVAILABILITY,domains.list,2026-09-29 10:22:17.742077+00:00
analytics.cibcrepitpournosheros.com,AVAILABILITY,domains.list,2026-09-29 10:22:18.048783+00:00
adbsmetrics.kiavirtualexperience.com,AVAILABILITY,domains.list,2026-09-29 10:22:18.406988+00:00
adbmetrics.canal-literatura.com,AVAILABILITY,domains.list,2026-09-29 10:22:18.721408+00:00
analytics.tnt.africa,AVAILABILITY,domains.list,2026-09-29 10:22:26.557478+00:00
